timestamp,AAPL,TSLA,INTC,NVAX,FIVN,EQIX,MIRM
08:00:00,184,168.7,30.02,9.35,53.73,765,25.15
08:01:00,183.94,169.34,30,9.7,53.73,765,25.15
08:02:00,184.08,169.3,30,9.41,53.73,765,25.15
08:03:00,184.27,169.2,30,9.3,53.73,765,25.15
08:04:00,184.21,169.24,29.99,9.28,53.73,765,25.15
08:05:00,184.14,169.18,29.99,9.24,53.73,765,25.15
08:06:00,184.01,169.1,29.99,9.34,53.73,765,25.15
08:07:00,184,169.13,29.96,9.35,53.73,765,25.15
08:08:00,184.1,169.23,29.96,9.45,53.73,765,25.15
08:09:00,184.09,169.19,29.97,9.54,53.73,765,25.15
08:10:00,184.07,168.95,29.97,9.35,53.73,765,25.15
08:11:00,184.1,168.96,29.97,9.35,53.73,765,25.15
08:12:00,184.12,168.99,29.97,9.35,53.73,765,25.15
08:13:00,184.17,168.99,29.99,9.36,53.73,765,25.15
08:14:00,184.15,169.03,30,9.36,53.73,765,25.15
08:15:00,184.12,169.03,30.02,9.35,53.73,765,25.15
08:16:00,184.12,168.92,30.02,9.39,53.73,765,25.15
08:17:00,184.04,168.86,30.02,9.45,53.73,765,25.15
08:18:00,184.21,168.88,30.02,9.42,53.73,765,25.15
08:19:00,184.2,168.88,29.99,9.44,53.73,765,25.15
08:20:00,184.2,168.95,29.99,9.54,53.73,765,25.15
08:21:00,184.25,168.98,29.99,9.56,53.73,765,25.15
08:22:00,184.33,169.05,29.99,9.55,53.73,765,25.15
08:23:00,184.39,169.08,30.01,9.62,53.73,765,25.15
08:24:00,184.45,169.1,30.01,9.77,53.73,765,25.15
08:25:00,184.62,169.06,29.99,9.72,53.73,765,25.15
08:26:00,184.66,169.06,29.97,9.82,53.73,765,25.15
08:27:00,184.7,169.16,29.97,9.81,53.73,765,25.15
08:28:00,184.6,169.16,29.97,9.85,53.73,765,25.15
08:29:00,184.61,169.12,29.97,9.91,53.73,765,25.15
08:30:00,184.65,169.13,29.97,9.79,53.73,765,25.15
08:31:00,184.65,169.16,29.97,9.71,53.73,765,25.15
08:32:00,184.55,169.12,29.97,9.76,53.73,765,25.15
08:33:00,184.57,169.15,29.97,9.75,53.73,765,25.15
08:34:00,184.6,169.14,29.97,9.7,53.73,765,25.15
08:35:00,184.6,169.19,29.97,9.7,53.73,765,25.15
08:36:00,184.56,169.17,29.99,9.7,53.73,765,25.15
08:37:00,184.52,169.15,30,9.73,53.73,765,25.15
08:38:00,184.56,169.17,30,9.77,53.73,765,25.15
08:39:00,184.58,169.19,30,9.8,53.73,765,25.15
08:40:00,184.5,169.07,29.99,9.73,53.73,765,25.15
08:41:00,184.53,169.07,29.99,9.75,53.73,765,25.15
08:42:00,184.53,169.09,29.99,9.76,53.73,765,25.15
08:43:00,184.6,169.09,29.99,9.7,53.73,765,25.15
08:44:00,184.55,169.09,30,9.72,53.73,765,25.15
08:45:00,184.59,169.09,30,9.71,53.73,765,25.15
08:46:00,184.6,169.13,29.99,9.73,53.73,765,25.15
08:47:00,184.61,169.09,29.99,9.71,53.73,765,25.15
08:48:00,184.6,169.07,29.99,9.71,53.73,765,25.15
08:49:00,184.6,169.07,29.99,9.71,53.73,765,25.15
08:50:00,184.55,169.09,29.99,9.61,53.73,765,25.15
08:51:00,184.55,169.15,29.99,9.58,53.73,765,25.15
08:52:00,184.59,169.16,29.99,9.63,53.73,765,25.15
08:53:00,184.6,169.15,29.99,9.65,53.73,765,25.15
08:54:00,184.61,169.15,29.99,9.65,53.73,765,25.15
08:55:00,184.6,169.15,29.99,9.66,53.73,765,25.15
08:56:00,184.6,169.25,29.99,9.61,53.73,765,25.15
08:57:00,184.6,169.25,29.97,9.57,53.73,765,25.15
08:58:00,184.57,169.3,29.98,9.55,53.73,765,25.15
08:59:00,184.6,169.4,29.98,9.57,53.73,765,25.15
09:00:00,184.59,169.45,29.98,9.58,53.73,765,25.15
09:01:00,184.59,169.5,29.98,9.58,53.73,765,25.15
09:02:00,184.6,169.71,29.98,9.58,53.73,765,25.15
09:03:00,184.6,169.75,29.98,9.59,53.73,765,25.15
09:04:00,184.6,169.53,29.98,9.55,53.73,765,25.15
09:05:00,184.56,169.58,29.98,9.57,53.73,765,25.15
09:06:00,184.56,169.49,29.98,9.56,53.73,765,25.15
09:07:00,184.55,169.5,29.99,9.53,53.73,765,25.15
09:08:00,184.6,169.47,29.98,9.4,53.73,765,25.15
09:09:00,184.6,169.4,29.98,9.37,53.73,765,25.15
09:10:00,184.55,169.4,29.98,9.4,53.73,765,25.15
09:11:00,184.57,169.39,29.98,9.4,53.73,765,25.15
09:12:00,184.63,169.39,29.99,9.45,53.73,765,25.15
09:13:00,184.77,169.45,29.98,9.48,53.73,765,25.15
09:14:00,184.82,169.47,29.98,9.5,53.73,765,25.15
09:15:00,184.82,169.49,29.99,9.48,53.73,765,25.15
09:16:00,184.82,169.48,30,9.44,53.73,765,25.15
09:17:00,184.77,169.55,30,9.44,53.73,765,25.15
09:18:00,184.77,169.6,29.99,9.42,53.73,765,25.15
09:19:00,184.76,169.6,29.99,9.43,53.73,765,25.15
09:20:00,184.76,169.59,29.99,9.43,53.73,765,25.15
09:21:00,184.75,169.55,30,9.44,53.73,765,25.15
09:22:00,184.71,169.56,30,9.41,53.73,765,25.15
09:23:00,184.71,169.49,30,9.44,53.73,765,25.15
09:24:00,184.7,169.5,30,9.43,53.73,765,25.15
09:25:00,184.75,169.49,30,9.4,53.73,765,25.15
09:26:00,184.79,169.5,30,9.38,53.73,765,25.15
09:27:00,184.77,169.53,30,9.34,53.73,765,25.15
09:28:00,184.77,169.5,30,9.34,53.73,765,25.15
09:29:00,184.79,169.54,30,9.36,53.73,765,25.15
09:30:00,184.82,169.53,30,9.37,53.73,765,25.15
09:31:00,184.82,169.5,30,9.37,53.73,765,25.15
09:32:00,184.86,169.53,30,9.41,53.73,765,25.15
09:33:00,184.91,169.54,30,9.4,53.73,765,25.15
09:34:00,184.9,169.53,30,9.46,53.73,765,25.15
09:35:00,184.89,169.52,30,9.48,53.73,765,25.15
09:36:00,184.89,169.53,30,9.46,53.73,765,25.15
09:37:00,184.84,169.54,29.99,9.46,53.73,765,25.15
09:38:00,184.84,169.55,30,9.41,53.73,765,25.15
09:39:00,184.89,169.56,30,9.42,53.73,765,25.15
09:40:00,184.97,169.63,30.01,9.42,53.73,765,25.15
09:41:00,184.99,169.7,30.01,9.35,53.73,765,25.15
09:42:00,184.99,169.7,30.01,9.37,53.73,765,25.15
09:43:00,185.05,169.69,30.01,9.4,53.73,765,25.15
09:44:00,185.07,169.69,30.02,9.3,53.73,765,25.15
09:45:00,185.09,169.69,30.02,9.24,53.73,765,25.15
09:46:00,185.07,169.65,30.03,9.05,53.73,765,25.15
09:47:00,185.04,169.7,30.02,9.05,53.73,765,25.15
09:48:00,185.03,169.72,30.03,9.13,53.73,765,25.15
09:49:00,185.01,169.72,30.02,9.15,53.73,765,25.15
09:50:00,185.01,169.65,30.02,9.1,53.73,765,25.15
09:51:00,185.01,169.65,30.02,9.13,53.73,765,25.15
09:52:00,184.97,169.65,30.02,9.3,53.73,765,25.15
09:53:00,184.98,169.67,30.02,9.23,53.73,765,25.15
09:54:00,184.97,169.65,30.01,9.25,53.73,765,25.15
09:55:00,184.96,169.67,30.01,9.27,53.73,765,25.15
09:56:00,184.94,169.61,30.01,9.25,53.73,765,25.15
09:57:00,184.95,169.63,30.01,9.27,53.73,765,25.15
09:58:00,184.94,169.65,30.01,9.29,53.73,765,25.15
09:59:00,184.94,169.67,30.02,9.31,53.73,765,25.15
10:00:00,184.91,169.63,30.02,9.33,53.73,765,25.15
10:01:00,184.94,169.67,30.02,9.25,53.73,765,25.15
10:02:00,184.91,169.67,30.02,9.3,53.73,765,25.15
10:03:00,184.82,169.68,30.02,9.3,53.73,765,25.15
10:04:00,184.67,169.65,30.02,9.34,53.73,765,25.15
10:05:00,184.77,169.64,30.02,9.3,53.73,765,25.15
10:06:00,184.7,169.64,30.02,9.25,53.73,765,25.15
10:07:00,184.81,169.66,30.02,9.21,53.73,765,25.15
10:08:00,184.81,169.65,30.02,9.18,53.73,765,25.15
10:09:00,184.82,169.68,30.02,9.02,53.73,765,25.15
10:10:00,184.85,169.69,30.02,9.05,53.73,765,25.15
10:11:00,184.85,169.66,30.02,9.02,53.73,765,25.15
10:12:00,184.85,169.66,30.02,9.01,53.73,765,25.15
10:13:00,184.85,169.68,30.02,9.02,53.73,765,25.15
10:14:00,184.79,169.7,30.03,9.01,53.73,765,25.15
10:15:00,184.84,169.7,30.03,9,53.73,765,25.15
10:16:00,184.79,169.72,30.03,8.94,53.73,765,25.15
10:17:00,184.79,169.72,30.03,8.82,53.73,765,25.15
10:18:00,184.79,169.71,30.01,8.96,53.73,765,25.15
10:19:00,184.84,169.68,30.01,8.93,53.73,765,25.15
10:20:00,184.75,169.68,30,8.95,53.73,765,25.15
10:21:00,184.79,169.6,30,8.95,53.73,765,25.15
10:22:00,184.77,169.6,30,9.01,53.73,765,25.15
10:23:00,184.77,169.59,30,9,53.73,765,25.15
10:24:00,184.77,169.55,30,9.02,53.73,765,25.15
10:25:00,184.77,169.53,30,9,53.73,765,25.15
10:26:00,184.75,169.49,30,9.06,53.73,765,25.15
10:27:00,184.75,169.5,30,9.03,53.73,765,25.15
10:28:00,184.79,169.54,30,9.04,53.73,765,25.15
10:29:00,184.81,169.54,29.98,9.05,53.73,765,25.15
10:30:00,184.79,169.54,29.98,9.05,53.73,765,25.15
10:31:00,184.79,169.54,30,9.04,53.73,765,25.15
10:32:00,184.8,169.54,30,9.04,53.73,765,25.15
10:33:00,184.9,169.56,30,9.07,53.73,765,25.15
10:34:00,184.97,169.56,30,9.1,53.73,765,25.15
10:35:00,184.93,169.54,30,9.11,53.73,765,25.15
10:36:00,184.93,169.5,30,9.11,53.73,765,25.15
10:37:00,184.93,169.47,30,9.12,53.73,765,25.15
10:38:00,184.94,169.48,30,9.12,53.73,765,25.15
10:39:00,184.93,169.5,30,9.12,53.73,765,25.15
10:40:00,184.93,169.47,30,9.16,53.73,765,25.15
10:41:00,184.9,169.51,30,9.14,53.73,765,25.15
10:42:00,184.88,169.45,29.99,9.14,53.73,765,25.15
10:43:00,184.92,169.4,30,9.14,53.73,765,25.15
10:44:00,184.92,169.4,30,9.13,53.73,765,25.15
10:45:00,184.88,169.24,30,9.15,53.73,765,25.15
10:46:00,184.86,169.24,30,9.15,53.73,765,25.15
10:47:00,184.86,169.24,30,9.15,53.73,765,25.15
10:48:00,184.83,169.22,30,9.16,53.73,765,25.15
10:49:00,184.93,169.24,30,9.16,53.73,765,25.15
10:50:00,184.96,169.34,30,9.21,53.73,765,25.15
10:51:00,184.97,169.34,30,9.21,53.73,765,25.15
10:52:00,184.96,169.36,30,9.16,53.73,765,25.15
10:53:00,184.96,169.36,30,9.15,53.73,765,25.15
10:54:00,185.05,169.37,30,9.15,53.73,765,25.15
10:55:00,185.05,169.38,30,9.08,53.73,765,25.15
10:56:00,185.05,169.33,30,9.09,53.73,765,25.15
10:57:00,185.25,169.3,30,9.12,53.73,765,25.15
10:58:00,185.26,169.27,30,9.11,53.73,765,25.15
10:59:00,185.22,169.28,29.99,9.06,53.73,765,25.15
11:00:00,185.2,168.9,30.3,9.11,53.73,765,25.15
11:01:00,185.3,168.9,30.25,9.1,53.73,765,25.15
11:02:00,185.29,168.89,30.29,9.11,53.73,765,25.15
11:03:00,185.27,168.82,30.25,9.12,53.73,765,25.15
11:04:00,185.26,168.78,30.23,9.1,53.73,765,25.15
11:05:00,185.26,168.74,30.26,9.04,53.73,765,25.15
11:06:00,185.35,168.77,30.2,9.06,53.73,765,25.15
11:07:00,185.34,169,30.19,8.96,53.73,765,25.15
11:08:00,185.37,169.09,30.16,8.95,53.73,765,25.15
11:09:00,185.4,169.04,30.16,8.88,53.73,765,25.15
11:10:00,185.39,169.06,30.18,8.9,53.73,765,25.15
11:11:00,185.45,169.13,30.17,8.91,53.73,765,25.15
11:12:00,185.44,169.07,30.17,8.91,53.73,765,25.15
11:13:00,185.41,169.03,30.17,8.91,53.73,765,25.15
11:14:00,185.45,169.02,30.2,9,53.73,765,25.15
11:15:00,185.45,169.02,30.19,9,53.73,765,25.15
11:16:00,185.47,168.9,30.22,9,53.73,765,25.15
11:17:00,185.42,168.91,30.21,9.04,53.73,765,25.15
11:18:00,185.5,168.96,30.22,9.06,53.73,765,25.15
11:19:00,185.64,168.89,30.22,9.08,53.73,765,25.15
11:20:00,185.64,168.89,30.25,9.11,53.73,765,25.15
11:21:00,185.67,168.97,30.23,9.08,53.73,765,25.15
11:22:00,185.7,168.9,30.22,9.09,53.73,765,25.15
11:23:00,185.7,169.13,30.22,9.06,53.73,765,25.15
11:24:00,185.73,169.14,30.23,9.08,53.73,765,25.15
11:25:00,185.74,169.13,30.22,9.08,53.73,765,25.15
11:26:00,185.51,169.14,30.18,9.06,53.73,765,25.15
11:27:00,185.44,169.14,30.19,9.09,53.73,765,25.15
11:28:00,185.42,169.16,30.19,9.09,53.73,765,25.15
11:29:00,185.36,169.29,30.19,9.09,53.73,765,25.15
11:30:00,185.3,169.25,30.19,9.08,53.73,765,25.15
11:31:00,185.29,169.14,30.19,9.08,53.73,765,25.15
11:32:00,185.28,169.16,30.2,9.05,53.73,765,25.15
11:33:00,185.25,169.24,30.21,9.05,53.73,765,25.15
11:34:00,185.36,169.25,30.21,9,53.73,765,25.15
11:35:00,185.38,169.2,30.22,9.04,53.73,765,25.15
11:36:00,185.38,169.16,30.22,9.03,53.73,765,25.15
11:37:00,185.36,169.16,30.22,9.06,53.73,765,25.15
11:38:00,185.39,169.25,30.24,9.04,53.73,765,25.15
11:39:00,185.39,169.31,30.24,9.06,53.73,765,25.15
11:40:00,185.39,169.36,30.23,9.05,53.73,765,25.15
11:41:00,185.36,169.45,30.23,9.04,53.73,765,25.15
11:42:00,185.35,169.5,30.22,9.03,53.73,765,25.15
11:43:00,185.35,169.55,30.23,9.01,53.73,765,25.15
11:44:00,185.35,169.52,30.26,9.03,53.73,765,25.15
11:45:00,185.43,169.55,30.26,9.03,53.73,765,25.15
11:46:00,185.43,169.58,30.25,9.06,53.73,765,25.15
11:47:00,185.44,169.58,30.24,9.06,53.73,765,25.15
11:48:00,185.44,169.67,30.25,9.05,53.73,765,25.15
11:49:00,185.44,169.64,30.26,9.02,53.73,765,25.15
11:50:00,185.44,169.64,30.26,9.07,53.73,765,25.15
11:51:00,185.44,169.49,30.25,9.07,53.73,765,25.15
11:52:00,185.44,169.55,30.23,9.07,53.73,765,25.15
11:53:00,185.43,169.53,30.2,9.07,53.73,765,25.15
11:54:00,185.35,169.5,30.23,9.07,53.73,765,25.15
11:55:00,185.3,169.55,30.2,9.07,53.73,765,25.15
11:56:00,185.33,169.57,30.2,9.06,53.73,765,25.15
11:57:00,185.31,169.55,30.23,9.06,53.73,765,25.15
11:58:00,185.36,169.52,30.21,9.06,53.73,765,25.15
11:59:00,185.37,169.49,30.19,9.06,53.73,765,25.15
12:00:00,185.44,169.52,30.22,9.08,53.73,765,25.15
12:01:00,185.41,169.47,30.2,9.08,53.73,765,25.15
12:02:00,185.4,169.36,30.23,9.1,53.73,765,25.15
12:03:00,185.33,169.31,30.23,9.15,53.73,765,25.15
12:04:00,185.33,169.24,30.16,9.19,53.73,765,25.15
12:05:00,185.3,169.14,30.17,9.25,53.73,765,25.15
12:06:00,185.34,169.14,30.19,9.27,53.73,765,25.15
12:07:00,185.3,169.27,30.19,9.16,53.73,765,25.15
12:08:00,185.36,169.29,30.19,9.23,53.73,765,25.15
12:09:00,185.31,169.28,30.19,9.22,53.73,765,25.15
12:10:00,185.3,169.33,30.15,9.16,53.73,765,25.15
12:11:00,185.25,169.33,30.16,9.11,53.73,765,25.15
12:12:00,185.26,169.28,30.16,9.14,53.73,765,25.15
12:13:00,185.26,169.3,30.16,9.16,53.73,765,25.15
12:14:00,185.28,169.26,30.14,9.2,53.73,765,25.15
12:15:00,185.29,169.2,30.14,9.2,53.73,765,25.15
12:16:00,185.26,169.29,30.14,9.19,53.73,765,25.15
12:17:00,185.26,169.26,30.16,9.19,53.73,765,25.15
12:18:00,185.24,169.25,30.14,9.17,53.73,765,25.15
12:19:00,185.21,169.18,30.13,9.18,53.73,765,25.15
12:20:00,185.19,169.14,30.13,9.21,53.73,765,25.15
12:21:00,185.22,169.26,30.09,9.24,53.73,765,25.15
12:22:00,185.17,169.25,30.03,9.23,53.73,765,25.15
12:23:00,185.17,169.25,30.03,9.24,53.73,765,25.15
12:24:00,185.24,169.24,30.11,9.23,53.73,765,25.15
12:25:00,185.25,169.27,30.06,9.18,53.73,765,25.15
12:26:00,185.27,169.27,30.1,9.19,53.73,765,25.15
12:27:00,185.26,169.27,30.1,9.15,53.73,765,25.15
12:28:00,185.3,169.3,30.1,9.16,53.73,765,25.15
12:29:00,185.35,169.33,30.1,9.2,53.73,765,25.15
12:30:00,185.34,169.47,30.08,9.17,53.73,765,25.15
12:31:00,185.35,169.48,30.1,9.17,53.73,765,25.15
12:32:00,185.3,169.53,30.13,9.17,53.73,765,25.15
12:33:00,185.3,169.5,30.13,9.17,53.73,765,25.15
12:34:00,185.3,169.5,30.12,9.14,53.73,765,25.15
12:35:00,185.3,169.45,30.13,9.16,53.73,765,25.15
12:36:00,185.29,169.49,30.12,9.17,53.73,765,25.15
12:37:00,185.3,169.48,30.11,9.16,53.73,765,25.15
12:38:00,185.3,169.45,30.14,9.17,53.73,765,25.15
12:39:00,185.28,169.45,30.14,9.17,53.73,765,25.15
12:40:00,185.29,169.58,30.14,9.15,53.73,765,25.15
12:41:00,185.28,169.59,30.14,9.16,53.73,765,25.15
12:42:00,185.31,169.57,30.21,9.19,53.73,765,25.15
12:43:00,185.4,169.53,30.15,9.17,53.73,765,25.15
12:44:00,185.44,169.62,30.17,9.19,53.73,765,25.15
12:45:00,185.45,169.64,30.2,9.19,53.73,765,25.15
12:46:00,185.42,169.62,30.2,9.17,53.73,765,25.15
12:47:00,185.4,169.62,30.22,9.18,53.73,765,25.15
12:48:00,185.37,169.55,30.23,9.17,53.73,765,25.15
12:49:00,185.39,169.62,30.23,9.17,53.73,765,25.15
12:50:00,185.39,169.59,30.21,9.17,53.73,765,25.15
12:51:00,185.39,169.59,30.18,9.19,53.73,765,25.15
12:52:00,185.37,169.7,30.16,9.18,53.73,765,25.15
12:53:00,185.39,169.66,30.15,9.18,53.73,765,25.15
12:54:00,185.38,169.67,30.15,9.19,53.73,765,25.15
12:55:00,185.4,169.68,30.17,9.2,53.73,765,25.15
12:56:00,185.38,169.69,30.17,9.19,53.73,765,25.15
12:57:00,185.43,169.7,30.16,9.19,53.73,765,25.15
12:58:00,185.48,169.69,30.16,9.16,53.73,765,25.15
12:59:00,185.5,169.67,30.14,9.14,53.73,765,25.15
13:00:00,185.5,169.62,30.15,9.09,53.73,765,25.15
13:01:00,185.53,169.51,30.11,9.12,53.73,765,25.15
13:02:00,185.44,169.43,30.06,9.11,53.73,765,25.15
13:03:00,185.44,169.43,30.08,9.13,53.73,765,25.15
13:04:00,185.48,169.56,30.07,9.17,53.73,765,25.15
13:05:00,185.45,169.5,30.07,9.18,53.73,765,25.15
13:06:00,185.46,169.5,30.08,9.19,53.73,765,25.15
13:07:00,185.46,169.59,30.11,9.19,53.73,765,25.15
13:08:00,185.39,169.48,30.1,9.2,53.73,765,25.15
13:09:00,185.39,169.54,30.14,9.25,53.73,765,25.15
13:10:00,185.39,169.55,30.18,9.27,53.73,765,25.15
13:11:00,185.41,169.7,30.18,9.32,53.73,765,25.15
13:12:00,185.46,169.77,30.18,9.36,53.73,765,25.15
13:13:00,185.44,169.68,30.18,9.38,53.73,765,25.15
13:14:00,185.38,169.71,30.18,9.43,53.73,765,25.15
13:15:00,185.4,169.74,30.15,9.45,53.73,765,25.15
13:16:00,185.33,169.77,30.17,9.4,53.73,765,25.15
13:17:00,185.32,169.79,30.17,9.38,53.73,765,25.15
13:18:00,185.31,169.65,30.17,9.44,53.73,765,25.15
13:19:00,185.3,169.69,30.17,9.5,53.73,765,25.15
13:20:00,185.34,169.74,30.17,9.5,53.73,765,25.15
13:21:00,185.3,169.79,30.18,9.6,53.73,765,25.15
13:22:00,185.29,169.75,30.18,9.65,53.73,765,25.15
13:23:00,185.41,169.75,30.16,9.76,53.73,765,25.15
13:24:00,185.35,169.7,30.16,9.75,53.73,765,25.15
13:25:00,185.29,169.58,30.16,9.61,53.73,765,25.15
13:26:00,185.3,169.5,30.15,9.61,53.73,765,25.15
13:27:00,185.2,169.67,30.15,9.67,53.73,765,25.15
13:28:00,185.44,169.91,30.05,9.75,53.73,765,25.15
13:29:00,185.49,169.96,30.01,9.66,53.73,760.11,25.15
13:30:00,185.18,170.37,30.09,9.915,53.73,762.5,25.15
13:31:00,185.51,169.73,30.16,9.77,53.535,763.78,25.13
13:32:00,185.03,169.395,30.29,10.08,53.37,763.92,25.19
13:33:00,184.79,169.87,30.24,10.12,53.26,763.33,25.35
13:34:00,184.94,170.25,30.24,10.09,53.5,762.83,25.36
13:35:00,184.75,171.19,30.305,10.12,53.67,766.79,25.31
13:36:00,184.65,171.3,30.37,10.11,53.85,766.79,25.31
13:37:00,184.87,171.62,30.485,10.03,53.85,768.63,25.4
13:38:00,184.93,171.81,30.535,9.88,53.85,768.24,25.3
13:39:00,184.93,171.55,30.52,9.91,53.785,768.22,25.3
13:40:00,184.83,171.84,30.575,9.95,53.74,767.11,25.3
13:41:00,184.93,171.93,30.565,9.93,53.98,768.63,25.3
13:42:00,185.05,171.91,30.585,9.99,53.87,768.86,25.37
13:43:00,185.15,172.27,30.6,9.93,54.01,769.27,25.45
13:44:00,185.24,172.58,30.615,9.98,54.08,769.05,25.36
13:45:00,185.26,173.24,30.67,9.95,54.08,769,25.32
13:46:00,185.08,173.14,30.73,9.84,54,768.655,25.32
13:47:00,185.24,173.22,30.68,9.83,54.13,768.32,25.385
13:48:00,184.93,173.11,30.665,9.77,54.12,768.28,25.385
13:49:00,184.84,173.31,30.675,9.71,54.055,768.92,25.51
13:50:00,184.84,174.27,30.785,9.755,54.3,768.84,25.51
13:51:00,184.9,174.17,30.805,9.88,54.31,768.84,25.56
13:52:00,184.935,174.3,30.78,9.98,54.29,767.7,25.56
13:53:00,184.955,174.45,30.845,9.94,54.345,767.63,25.56
13:54:00,185.165,175.03,30.795,9.95,54.34,767.41,25.43
13:55:00,185.26,174.68,30.8,9.96,54.34,767.395,25.44
13:56:00,185.24,174.44,30.78,9.88,54.25,767.89,25.48
13:57:00,185.21,174.47,30.785,9.89,54.27,766.4,25.39
13:58:00,185.14,174.78,30.735,9.89,54.3,765.795,25.31
13:59:00,185.18,174.96,30.745,9.865,54.33,765.84,25.31
14:00:00,185.29,175.13,30.705,9.9,54.43,764.425,25.31
14:01:00,185.24,175.15,30.76,9.87,54.35,763.34,25.31
14:02:00,185.11,174.94,30.795,9.89,54.38,763.88,25.33
14:03:00,185.11,174.7,30.835,9.985,54.37,762.76,25.31
14:04:00,185.15,174.78,30.845,10.04,54.36,762.34,25.31
14:05:00,184.99,174.73,30.825,10.24,54.45,761.755,25.31
14:06:00,185.15,175.25,30.88,10.32,54.535,760.9,25.41
14:07:00,185.11,174.73,30.86,10.42,54.53,760.03,25.51
14:08:00,185.08,174.53,30.85,10.49,54.48,760.05,25.54
14:09:00,185.11,174.23,30.84,10.5,54.53,759.63,25.54
14:10:00,185.21,173.95,30.81,10.68,54.46,758.73,25.58
14:11:00,185.16,174.11,30.875,10.76,54.33,759.11,25.71
14:12:00,185.11,174.01,30.915,10.655,54.28,758.25,25.86
14:13:00,185.14,174.13,30.96,10.49,54.29,758.26,25.94
14:14:00,185.14,173.95,30.95,10.52,54.29,758.42,25.92
14:15:00,185.05,173.74,30.9,10.63,54.31,758.21,25.93
14:16:00,185.18,173.7,30.915,10.6,54.33,758.5,26.01
14:17:00,185.18,173.63,30.91,10.7,54.33,757.88,26.05
14:18:00,185.01,173.71,30.92,10.74,54.47,757.66,26.14
14:19:00,185.14,173.67,30.89,10.635,54.39,757.8,26.12
14:20:00,185.29,173.83,30.89,10.745,54.37,757.82,25.93
14:21:00,185.26,173.86,30.92,10.94,54.37,758.68,26
14:22:00,185.29,173.99,30.925,11.035,54.39,758.08,25.96
14:23:00,185.415,174.07,30.93,11.29,54.38,758,25.96
14:24:00,185.49,174.26,30.945,11.48,54.5,758.21,26.02
14:25:00,185.64,174.21,30.975,11.75,54.44,759.22,25.985
14:26:00,185.71,174.57,30.97,11.73,54.57,759.86,26
14:27:00,185.765,174.5,30.99,11.54,54.69,759.9,25.93
14:28:00,185.71,174.56,30.985,11.73,54.66,759.31,25.95
14:29:00,185.685,174.48,30.98,11.64,54.62,759.545,26.02
14:30:00,185.79,174.49,30.975,11.94,54.62,758.25,26.01
14:31:00,185.78,173.93,30.97,11.81,54.58,758.7,26.03
14:32:00,185.725,173.97,30.97,11.87,54.66,758.57,26.05
14:33:00,185.79,174.17,30.99,11.89,54.69,758.265,25.96
14:34:00,185.84,174.24,30.975,11.83,54.78,758.265,26.05
14:35:00,185.94,173.85,30.98,11.85,54.78,758.47,26.05
14:36:00,185.855,173.51,30.985,11.79,54.83,759.05,25.95
14:37:00,185.9,173.49,31.055,11.91,54.89,758.54,26.16
14:38:00,185.95,173.43,31.055,11.6,54.91,758.42,26.2
14:39:00,185.96,173.19,30.98,11.37,54.83,757.62,26.24
14:40:00,185.87,173.08,31.01,11.44,54.79,757.7,26.05
14:41:00,185.87,173.2,31.035,11.49,54.76,757.7,25.78
14:42:00,185.92,173.3,31.025,11.6,54.71,758.37,25.76
14:43:00,185.94,173.115,31.035,11.785,54.71,758.37,25.76
14:44:00,186.115,173.03,31.055,11.76,54.71,757.83,25.76
14:45:00,186.17,173.01,31.1,11.92,54.7,757.7,25.76
14:46:00,186.17,173.11,31.095,11.915,54.68,757.34,25.76
14:47:00,186.2,172.89,31.065,11.89,54.705,756.8,25.76
14:48:00,186.32,173.06,31.05,12.32,54.735,756.105,25.76
14:49:00,186.39,173.04,31.04,12.31,54.8,756.105,25.76
14:50:00,186.25,173.13,31.025,12.31,54.85,755.96,25.63
14:51:00,186.275,172.98,31.015,12.26,54.87,755.62,25.56
14:52:00,186.335,173.02,31.015,12.46,54.83,756.65,25.53
14:53:00,186.31,173.1,30.98,12.57,54.86,756.71,25.53
14:54:00,186.355,172.95,30.92,12.765,54.805,756.62,25.53
14:55:00,186.225,173.03,30.92,13.1,54.6,756.62,25.53
14:56:00,186.16,172.69,30.895,13.32,54.6,756.62,25.56
14:57:00,186.25,172.57,30.905,13.07,54.59,757.13,25.56
14:58:00,186.07,172.7,30.885,12.87,54.68,757.09,25.56
14:59:00,186.075,172.92,30.9,13.26,54.69,756.34,25.6
15:00:00,186,172.59,30.9,13.2,54.69,756.2,25.57
15:01:00,186.04,172.87,30.91,13.43,54.695,756.66,25.57
15:02:00,186.15,172.82,30.895,13.48,54.65,756.66,25.61
15:03:00,186.15,172.94,30.935,13.22,54.63,756.26,25.61
15:04:00,186.035,173.13,30.95,13.37,54.66,757.13,25.61
15:05:00,185.99,173.26,30.985,13.57,54.65,757.13,25.61
15:06:00,186.01,173.36,31.01,13.83,54.7,757.13,25.61
15:07:00,185.94,173.37,31.015,13.82,54.69,757.13,25.49
15:08:00,185.95,173.45,31.025,13.925,54.65,756.81,25.49
15:09:00,185.99,173.33,31.025,13.88,54.65,757,25.43
15:10:00,186.01,173.33,31.025,13.43,54.63,756.73,25.42
15:11:00,185.86,173.06,31.065,13.525,54.62,755.96,25.42
15:12:00,185.86,173.29,31.11,13.36,54.62,755.96,25.42
15:13:00,185.89,173.25,31.075,13.04,54.61,756.07,25.37
15:14:00,185.915,173.27,31.085,13.07,54.56,756.03,25.37
15:15:00,186.06,173.01,31.055,12.68,54.5,756.15,25.28
15:16:00,185.89,173.13,31.08,12.905,54.56,756.52,25.4
15:17:00,185.96,173.1,31.11,12.87,54.56,756.49,25.4
15:18:00,185.9,172.89,31.095,12.77,54.58,756.77,25.41
15:19:00,185.99,172.73,31.095,12.7,54.58,756.79,25.4
15:20:00,186.01,172.72,31.125,12.65,54.56,756.48,25.39
15:21:00,186,172.69,31.095,12.715,54.56,756.84,25.39
15:22:00,186.02,172.66,31.06,12.54,54.55,756.38,25.39
15:23:00,186.03,172.75,31.03,12.8,54.48,756.38,25.39
15:24:00,186.1,172.82,30.98,12.76,54.48,756.72,25.39
15:25:00,185.92,172.85,30.955,12.565,54.39,756.44,25.39
15:26:00,185.9,172.55,30.935,12.745,54.36,756.44,25.32
15:27:00,185.91,172.68,30.945,12.635,54.33,756.81,25.31
15:28:00,185.94,172.65,30.935,12.61,54.33,756.375,25.24
15:29:00,185.92,172.46,30.935,12.57,54.36,756.33,25.21
15:30:00,185.915,172.33,30.895,12.41,54.31,757.42,25.11
15:31:00,185.94,172.39,30.905,12.49,54.31,757.66,25.11
15:32:00,185.96,172.49,30.915,12.33,54.28,757.69,25.1
15:33:00,186.1,172.63,30.905,12.33,54.34,757.56,25.1
15:34:00,186.165,172.36,30.91,12.085,54.36,756.76,25.11
15:35:00,186.15,172.44,30.905,12.185,54.32,756.76,25.13
15:36:00,186.21,172.42,30.98,12.32,54.34,756.12,25.17
15:37:00,186.18,172.34,30.995,12.37,54.34,756.12,25.17
15:38:00,186.2,172.41,31.025,12.48,54.42,756.12,25.17
15:39:00,186.16,172.4,30.99,12.61,54.44,755.82,25.29
15:40:00,186.135,172.42,30.995,12.66,54.39,756.05,25.29
15:41:00,186.095,172.33,30.995,12.63,54.43,756.15,25.21
15:42:00,186.06,172.25,30.985,12.555,54.43,755.98,25.21
15:43:00,186.01,172.35,30.985,12.63,54.4,755.94,25.21
15:44:00,186,172.43,30.95,12.64,54.31,755.94,25.21
15:45:00,186,172.48,30.95,12.63,54.31,755.57,25.21
15:46:00,185.985,172.25,30.92,12.605,54.28,755.75,25.19
15:47:00,185.97,172.46,30.93,12.62,54.39,755.75,25.2
15:48:00,185.97,172.37,30.92,12.78,54.38,755.8,25.2
15:49:00,185.985,172.29,30.91,12.75,54.39,755.66,25.2
15:50:00,185.94,172.22,30.905,12.72,54.4,756.12,25.22
15:51:00,185.875,172.08,30.87,12.8,54.34,756.6,25.18
15:52:00,185.95,172.29,30.875,12.515,54.21,756.6,25.15
15:53:00,185.92,172.38,30.875,12.52,54.31,756.38,25.15
15:54:00,185.91,172.69,30.84,12.47,54.28,756.57,25.15
15:55:00,185.94,172.73,30.83,12.49,54.1,756.44,25.18
15:56:00,185.97,172.68,30.835,12.38,54.1,756.41,25.18
15:57:00,186.01,172.62,30.835,12.43,54.13,756.04,25.18
15:58:00,186.03,172.7,30.83,12.46,54.14,756.41,25.18
15:59:00,186.05,172.77,30.815,12.57,54.16,755.98,25.2
16:00:00,186.03,172.9,30.835,12.44,54.17,755.98,25.2
16:01:00,186.005,172.64,30.82,12.55,54.18,756.38,25.25
16:02:00,186.09,172.25,30.815,12.48,54.13,756.38,25.25
16:03:00,186.1,172.33,30.815,12.44,54.15,756.44,25.26
16:04:00,186.12,172.385,30.82,12.44,54.15,756.55,25.29
16:05:00,186.21,172.3,30.85,12.49,54.15,756.68,25.29
16:06:00,186.21,172.27,30.88,12.46,54.02,756.72,25.24
16:07:00,186.22,171.85,30.875,12.5,53.98,757.93,25.24
16:08:00,186.22,171.94,30.865,12.55,54,758.39,25.23
16:09:00,186.245,171.71,30.85,12.545,54,758.175,25.27
16:10:00,186.22,171.63,30.845,12.58,54,758,25.27
16:11:00,186.22,171.62,30.845,12.64,54.07,758.43,25.35
16:12:00,186.255,171.79,30.845,12.67,54.08,759.98,25.35
16:13:00,186.305,171.75,30.845,12.66,54.03,759,25.35
16:14:00,186.275,171.75,30.83,12.55,54,758.82,25.35
16:15:00,186.24,171.76,30.85,12.51,54,759.17,25.35
16:16:00,186.17,171.87,30.825,12.665,54,759.95,25.35
16:17:00,186.1,171.63,30.805,12.795,53.98,759.95,25.33
16:18:00,186.11,171.71,30.805,12.77,54,760.31,25.37
16:19:00,186.2,171.61,30.805,12.815,54.01,759.92,25.39
16:20:00,186.225,171.64,30.79,12.84,53.99,759.95,25.41
16:21:00,186.31,171.73,30.795,12.78,53.98,760.04,25.41
16:22:00,186.32,171.73,30.775,12.835,53.98,759.89,25.41
16:23:00,186.35,171.76,30.775,12.94,53.96,759.89,25.41
16:24:00,186.425,171.79,30.775,12.86,54,759.78,25.42
16:25:00,186.42,171.75,30.775,12.84,54,760.22,25.42
16:26:00,186.44,171.81,30.765,12.665,54,760.22,25.47
16:27:00,186.41,171.68,30.77,12.71,53.99,760.24,25.45
16:28:00,186.43,171.76,30.775,12.63,53.96,760.24,25.4
16:29:00,186.28,171.88,30.775,12.6,53.95,760.94,25.45
16:30:00,186.365,171.77,30.775,12.71,53.93,760.95,25.45
16:31:00,186.33,171.72,30.79,12.665,53.92,761.41,25.45
16:32:00,186.345,171.82,30.795,12.675,53.91,761.26,25.45
16:33:00,186.43,171.9,30.795,12.64,53.96,761.175,25.39
16:34:00,186.42,171.78,30.77,12.695,53.98,761.17,25.36
16:35:00,186.42,171.84,30.775,12.64,53.92,761.17,25.43
16:36:00,186.45,171.83,30.755,12.64,53.92,761.15,25.43
16:37:00,186.44,171.77,30.75,12.62,53.92,761.15,25.43
16:38:00,186.46,171.85,30.745,12.505,53.96,762.59,25.43
16:39:00,186.485,171.83,30.745,12.63,53.95,762.23,25.38
16:40:00,186.53,171.93,30.73,12.715,53.93,762.66,25.38
16:41:00,186.59,171.72,30.735,12.74,53.93,762.87,25.38
16:42:00,186.515,171.7,30.745,12.62,53.965,763.32,25.38
16:43:00,186.58,171.62,30.745,12.71,53.99,763.17,25.38
16:44:00,186.63,171.75,30.74,12.72,53.94,763.25,25.38
16:45:00,186.635,171.95,30.745,12.74,53.91,763.85,25.38
16:46:00,186.685,171.9,30.735,12.76,53.9,764.29,25.45
16:47:00,186.68,171.83,30.735,12.73,53.91,764.29,25.45
16:48:00,186.625,171.84,30.735,12.745,53.9,764.27,25.44
16:49:00,186.66,171.97,30.725,12.73,53.92,764.27,25.44
16:50:00,186.695,171.96,30.715,12.76,53.92,764.235,25.44
16:51:00,186.7,171.84,30.715,12.78,53.97,764.325,25.41
16:52:00,186.67,171.97,30.725,12.775,53.98,764.29,25.47
16:53:00,186.7,171.94,30.73,12.79,53.96,764.6,25.47
16:54:00,186.72,171.77,30.725,12.89,53.96,764.6,25.47
16:55:00,186.75,171.86,30.715,12.89,54.02,764.6,25.47
16:56:00,186.805,171.95,30.715,12.925,54.01,764.62,25.47
16:57:00,186.83,171.87,30.725,12.92,54.04,764.99,25.46
16:58:00,186.855,171.77,30.715,12.865,54.02,765.25,25.46
16:59:00,186.81,171.65,30.695,12.93,54.01,766.935,25.41
17:00:00,186.85,171.64,30.685,12.975,54.01,767.37,25.36
17:01:00,186.69,171.62,30.695,12.85,54.01,767.88,25.36
17:02:00,186.73,171.49,30.685,12.87,54.02,768.01,25.36
17:03:00,186.5,171.39,30.675,12.9,53.96,767.89,25.31
17:04:00,186.52,171.29,30.655,12.9,53.96,767.89,25.26
17:05:00,186.5,171.15,30.645,12.79,53.87,767.77,25.19
17:06:00,186.325,171.15,30.64,12.73,53.83,767.16,25.19
17:07:00,186.34,170.93,30.64,12.72,53.83,767.52,25.17
17:08:00,186.48,171.14,30.635,12.76,53.81,767.52,25.17
17:09:00,186.47,171.05,30.635,12.73,53.81,768.1,25.19
17:10:00,186.48,171.08,30.625,12.62,53.83,767.8,25.15
17:11:00,186.56,171.14,30.64,12.615,53.87,767.715,25.165
17:12:00,186.55,171.09,30.64,12.76,53.84,767.66,25.19
17:13:00,186.6,171.03,30.65,12.75,53.84,768.125,25.19
17:14:00,186.64,171.09,30.645,12.76,53.89,768.125,25.19
17:15:00,186.68,171.04,30.645,12.825,53.92,768.55,25.15
17:16:00,186.68,171.15,30.665,12.87,53.92,769.11,25.15
17:17:00,186.77,171.19,30.655,13.01,53.925,769.11,25.15
17:18:00,186.8,171.29,30.655,13.075,53.86,768.97,25.14
17:19:00,186.77,171.28,30.655,13.01,53.84,768.86,25.175
17:20:00,186.74,171.34,30.655,13.26,53.89,769.67,25.18
17:21:00,186.78,171.31,30.67,13.25,53.89,769.52,25.18
17:22:00,186.79,171.23,30.685,13.33,53.9,769.79,25.15
17:23:00,186.84,171.3,30.67,13.305,53.9,769.79,25.12
17:24:00,186.86,171.41,30.67,13.325,53.83,770.035,25.05
17:25:00,186.84,171.43,30.675,13.29,53.84,769.53,25.05
17:26:00,186.79,171.54,30.675,13.28,53.86,769.33,25.04
17:27:00,186.665,171.57,30.675,13.355,53.875,769.53,25.05
17:28:00,186.67,171.53,30.655,13.26,53.9,769.71,25.03
17:29:00,186.65,171.59,30.655,13.41,53.875,769.625,25.02
17:30:00,186.615,171.49,30.655,13.39,53.87,770.055,25.04
17:31:00,186.71,171.55,30.675,13.365,53.85,769.64,25.03
17:32:00,186.75,171.47,30.66,13.39,53.84,769.8,25.01
17:33:00,186.64,171.47,30.665,13.37,53.86,768.82,25
17:34:00,186.62,171.56,30.665,13.32,53.87,768.89,25.005
17:35:00,186.67,171.45,30.655,13.31,53.83,768.53,24.93
17:36:00,186.62,171.39,30.675,13.35,53.83,768.54,24.975
17:37:00,186.545,171.54,30.675,13.27,53.84,768.54,24.975
17:38:00,186.515,171.45,30.675,13.24,53.82,767.76,24.97
17:39:00,186.58,171.32,30.675,13.25,53.77,768.43,24.97
17:40:00,186.46,171.19,30.685,13.27,53.78,768.43,24.95
17:41:00,186.46,171.09,30.675,12.84,53.7,767.97,24.93
17:42:00,186.465,171.18,30.675,12.85,53.71,768.2,24.92
17:43:00,186.51,170.99,30.66,12.95,53.69,766.74,24.95
17:44:00,186.475,170.99,30.655,12.86,53.69,766.93,24.955
17:45:00,186.46,171.12,30.655,12.66,53.635,766.76,24.94
17:46:00,186.5,171.12,30.635,12.74,53.635,766.87,24.955
17:47:00,186.485,171.18,30.66,12.5,53.6,767.05,24.93
17:48:00,186.53,171.19,30.665,12.42,53.6,766.61,24.955
17:49:00,186.525,171.24,30.655,12.5,53.68,766.74,24.955
17:50:00,186.57,171.21,30.625,12.47,53.74,766.65,24.95
17:51:00,186.65,171.25,30.635,12.5,53.715,766.59,24.985
17:52:00,186.67,171.22,30.64,12.47,53.67,766.19,24.97
17:53:00,186.71,171.36,30.635,12.46,53.655,767.28,24.95
17:54:00,186.77,171.44,30.655,12.62,53.655,767.55,24.975
17:55:00,186.73,171.43,30.655,12.69,53.65,768.25,24.97
17:56:00,186.755,171.47,30.655,12.675,53.69,767.55,24.99
17:57:00,186.8,171.48,30.655,12.675,53.68,767.925,24.99
17:58:00,186.81,171.52,30.65,12.74,53.69,768.42,24.96
17:59:00,186.79,171.43,30.64,12.75,53.69,769.08,24.95
18:00:00,186.7,171.34,30.635,12.695,53.67,768.48,24.9
18:01:00,186.665,171.24,30.615,12.73,53.67,767.56,24.89
18:02:00,186.66,171.18,30.605,12.78,53.66,767.99,24.88
18:03:00,186.65,171.28,30.615,12.82,53.5,767.7,24.96
18:04:00,186.72,171.32,30.605,12.85,53.545,767.79,24.96
18:05:00,186.76,171.48,30.6,12.98,53.57,768.17,25.08
18:06:00,186.74,171.52,30.605,13.12,53.575,767.68,25.11
18:07:00,186.82,171.48,30.605,13.155,53.54,768.15,25.085
18:08:00,186.865,171.54,30.605,13.1,53.5,768.815,25.085
18:09:00,186.825,171.7,30.605,13.115,53.5,769.07,25.085
18:10:00,186.85,171.65,30.6,13.08,53.61,768.49,25.085
18:11:00,186.87,171.8,30.6,13.06,53.56,768.15,25.09
18:12:00,186.875,171.69,30.595,12.99,53.55,768.4,25.09
18:13:00,186.85,171.68,30.595,12.98,53.59,768.04,25.06
18:14:00,186.85,171.68,30.59,13,53.52,768.08,25.06
18:15:00,186.855,171.68,30.595,13.08,53.52,768.44,25.06
18:16:00,186.82,171.71,30.595,13.01,53.53,768.8,25.06
18:17:00,186.875,171.74,30.615,13.02,53.51,768.54,25.06
18:18:00,186.87,171.74,30.615,12.96,53.47,769.04,25.125
18:19:00,186.895,171.77,30.625,12.94,53.51,769.04,25.19
18:20:00,186.91,171.92,30.645,13,53.52,769.56,25.17
18:21:00,186.85,171.88,30.645,12.94,53.48,769.74,25.195
18:22:00,186.79,171.95,30.645,12.975,53.495,769.85,25.195
18:23:00,186.73,171.91,30.655,12.995,53.51,769.955,25.17
18:24:00,186.68,171.88,30.665,13.055,53.47,769.96,25.17
18:25:00,186.705,172.005,30.685,12.97,53.48,769.86,25.17
18:26:00,186.725,172.09,30.675,13.02,53.475,770.56,25.17
18:27:00,186.75,172.05,30.665,13,53.5,770.96,25.15
18:28:00,186.69,172.09,30.655,13.08,53.52,771.18,25.15
18:29:00,186.655,172.11,30.645,13.06,53.47,770.9,25.14
18:30:00,186.605,172.08,30.615,12.95,53.46,770.9,25.14
18:31:00,186.65,171.96,30.595,12.99,53.49,771.145,25.1
18:32:00,186.61,171.87,30.605,12.98,53.51,772,25.1
18:33:00,186.63,171.89,30.605,12.99,53.48,772.14,25.1
18:34:00,186.64,172.02,30.605,13.04,53.45,772.36,25.08
18:35:00,186.6,171.89,30.615,13.04,53.52,772.3,25.08
18:36:00,186.65,172.04,30.615,13.17,53.54,773.1,25.105
18:37:00,186.725,171.89,30.605,13.16,53.55,773.39,25.1
18:38:00,186.715,171.98,30.615,13.09,53.55,773.425,25.1
18:39:00,186.675,171.96,30.605,12.97,53.54,772.92,25.1
18:40:00,186.62,171.86,30.595,12.88,53.51,773.46,25.07
18:41:00,186.59,171.93,30.585,12.9,53.52,772.91,25.07
18:42:00,186.6,171.88,30.585,12.895,53.47,772.67,25.05
18:43:00,186.615,171.865,30.585,12.85,53.505,772.67,25.05
18:44:00,186.635,171.81,30.585,12.77,53.45,773.1,25.05
18:45:00,186.645,171.89,30.585,12.83,53.44,773.21,25.05
18:46:00,186.63,171.99,30.585,13.38,53.43,773.1,25.06
18:47:00,186.64,171.96,30.605,13.31,53.42,772.61,25.04
18:48:00,186.65,171.96,30.605,13.28,53.4,773,25.04
18:49:00,186.6,171.91,30.605,13.215,53.41,772.595,25.04
18:50:00,186.59,172.06,30.595,13.37,53.44,772.21,25.04
18:51:00,186.65,172.12,30.615,13.34,53.51,772.94,25.04
18:52:00,186.655,172,30.625,13.32,53.48,772.94,25.02
18:53:00,186.62,172.01,30.615,13.31,53.48,773.485,25.03
18:54:00,186.695,172.09,30.615,13.335,53.48,773.81,25.01
18:55:00,186.73,172.07,30.595,13.3,53.475,774.18,25.02
18:56:00,186.71,172.1,30.605,13.22,53.45,774.69,25.02
18:57:00,186.7,172.27,30.605,13.195,53.48,773.99,25.02
18:58:00,186.73,172.34,30.605,13.28,53.485,774.33,24.95
18:59:00,186.82,172.3,30.605,13.26,53.48,774.02,24.93
19:00:00,186.81,172.31,30.605,13.3,53.48,774.12,24.96
19:01:00,186.82,172.27,30.595,13.26,53.44,773.96,24.96
19:02:00,186.87,172.37,30.6,13.68,53.46,774.5,24.98
19:03:00,186.79,172.24,30.605,13.48,53.46,775.2,24.98
19:04:00,186.78,172.22,30.6,13.36,53.49,775.49,24.94
19:05:00,186.765,172.17,30.605,13.45,53.46,774.81,24.94
19:06:00,186.78,172.19,30.57,13.46,53.47,774.635,24.93
19:07:00,186.78,172.21,30.57,13.36,53.47,775.635,24.92
19:08:00,186.8,172.24,30.57,13.41,53.485,776.4,24.92
19:09:00,186.8,172.31,30.585,13.37,53.49,776.01,24.91
19:10:00,186.76,172.29,30.575,13.44,53.495,775.955,24.91
19:11:00,186.725,172.22,30.585,13.45,53.49,775.65,24.87
19:12:00,186.76,172.1,30.575,13.35,53.42,776.14,24.87
19:13:00,186.87,172.13,30.575,13.47,53.42,776.03,24.87
19:14:00,186.9,172.15,30.575,13.47,53.405,776.2,24.87
19:15:00,186.91,172.34,30.585,13.47,53.4,776,24.85
19:16:00,186.93,172.34,30.585,13.525,53.32,775.99,24.86
19:17:00,187.025,172.22,30.575,13.48,53.34,775.51,24.86
19:18:00,187.095,172.25,30.575,13.53,53.33,775.84,24.88
19:19:00,187.025,172.19,30.575,13.42,53.34,776.21,24.86
19:20:00,187.055,172.12,30.575,13.44,53.41,776.93,24.86
19:21:00,186.975,172.01,30.575,13.42,53.4,776.01,24.87
19:22:00,187.03,171.99,30.575,13.41,53.43,775.8,24.85
19:23:00,187.025,171.86,30.565,13.27,53.465,775.63,24.84
19:24:00,186.9,171.85,30.545,13.33,53.465,776.45,24.84
19:25:00,186.91,171.92,30.545,13.34,53.45,776.72,24.88
19:26:00,186.98,171.9,30.545,13.36,53.47,777,24.88
19:27:00,186.87,171.86,30.545,13.37,53.45,776.27,24.88
19:28:00,186.97,171.79,30.545,13.31,53.48,776.595,24.88
19:29:00,186.98,171.86,30.545,13.36,53.46,776.42,24.88
19:30:00,186.98,171.67,30.54,13.255,53.48,776.6,24.77
19:31:00,186.89,171.73,30.545,13.31,53.47,775.32,24.75
19:32:00,186.875,171.95,30.555,13.13,53.43,775.32,24.69
19:33:00,186.9,171.92,30.545,13.225,53.43,775.88,24.68
19:34:00,186.9,171.9,30.55,13.175,53.41,774.56,24.66
19:35:00,186.89,171.88,30.545,13.16,53.46,775.16,24.62
19:36:00,186.935,171.87,30.555,13.19,53.37,775.48,24.61
19:37:00,186.94,171.9,30.555,13.23,53.34,775.875,24.66
19:38:00,186.89,171.9,30.54,13.2,53.32,776,24.63
19:39:00,186.91,171.89,30.54,13.145,53.34,776.51,24.64
19:40:00,187.005,171.88,30.555,13.215,53.38,775.72,24.67
19:41:00,186.925,171.88,30.545,13.195,53.36,776.21,24.75
19:42:00,186.965,171.9,30.545,13.18,53.4,776.005,24.7
19:43:00,186.95,171.94,30.545,13.165,53.39,775.87,24.73
19:44:00,186.98,171.96,30.535,13.15,53.34,776.34,24.74
19:45:00,186.9,171.78,30.49,13.055,53.29,776.86,24.72
19:46:00,186.97,171.79,30.485,13.02,53.3,776.56,24.66
19:47:00,187.01,171.92,30.475,13.05,53.34,776.84,24.69
19:48:00,186.95,171.85,30.465,13.1,53.33,776.78,24.76
19:49:00,186.965,171.85,30.45,13.06,53.355,776.79,24.74
19:50:00,186.83,171.75,30.465,13.11,53.35,776.38,24.76
19:51:00,186.89,171.99,30.475,13.135,53.36,776.78,24.785
19:52:00,186.835,172.03,30.495,13.12,53.355,777.24,24.86
19:53:00,186.825,172.07,30.485,13.165,53.37,776.38,24.86
19:54:00,186.55,171.9,30.495,13.12,53.47,776.99,24.89
19:55:00,186.32,171.76,30.495,13.125,53.43,776.32,24.83
19:56:00,186.21,171.8,30.495,13.16,53.43,776.7,24.82
19:57:00,186.18,171.88,30.495,13.14,53.425,776.8,24.78
19:58:00,186.12,171.9,30.475,13.12,53.42,777.13,24.8
19:59:00,186.29,171.92,30.49,13.09,53.45,777.15,24.79
20:00:00,186.21,171.86,30.48,13.08,53.45,776.89,24.78
20:01:00,186.16,171.9,30.49,13.11,53.45,776.89,24.78
20:02:00,186.15,171.92,30.5,13.11,53.45,776.89,24.78
20:03:00,186.11,171.93,30.5,13.05,53.45,776.89,24.78
20:04:00,186.06,171.89,30.5,13.06,53.45,776.89,24.78
20:05:00,186.08,171.9,30.5,13.05,53.45,776.89,24.78
20:06:00,186.1,171.9,30.5,13.05,53.45,776.89,24.78
20:07:00,186.09,171.95,30.5,13.05,53.45,776.89,24.78
20:08:00,186.09,172.01,30.5,13.05,53.45,776.89,24.78
20:09:00,186.19,172.03,30.5,13.09,53.45,776.89,24.78
20:10:00,186.18,172.01,30.51,13.1,53.45,776.89,24.78
20:11:00,186.13,171.96,30.51,13.11,53.45,776.89,24.78
20:12:00,186.13,172,30.51,13.11,53.45,776.89,24.78
20:13:00,186.15,172.01,30.51,13.11,53.45,776.89,24.78
20:14:00,186.11,172.01,30.52,13.12,53.45,776.89,24.78
20:15:00,186.07,172.01,30.52,13.15,53.45,776.89,24.78
20:16:00,186.1,171.99,30.52,13.17,53.45,776.89,24.78
20:17:00,186.14,171.97,30.51,13.15,53.45,776.89,24.78
20:18:00,186.13,172,30.51,13.25,53.45,776.89,24.78
20:19:00,186.13,172,30.52,13.33,53.45,776.89,24.78
20:20:00,186.13,171.93,30.52,13.34,53.45,776.89,24.78
20:21:00,186.17,171.96,30.52,13.4,53.45,776.89,24.78
20:22:00,186.17,171.92,30.52,13.4,53.45,776.89,24.78
20:23:00,186.17,171.9,30.52,13.35,53.45,776.89,24.78
20:24:00,186.21,171.96,30.52,13.3,53.45,776.89,24.78
20:25:00,186.22,172.03,30.52,13.33,53.45,776.89,24.78
20:26:00,186.29,171.97,30.52,13.37,53.45,776.89,24.78
20:27:00,186.29,171.96,30.52,13.38,53.45,776.89,24.78
20:28:00,186.24,171.95,30.52,13.3,53.45,776.89,24.78
20:29:00,186.23,171.95,30.52,13.27,53.45,776.89,24.78
20:30:00,186.27,171.94,30.53,13.3,53.45,776.89,24.78
20:31:00,186.29,171.9,30.52,13.23,53.45,776.89,24.78
20:32:00,186.21,171.92,30.52,13.23,53.45,776.7,24.78
20:33:00,186.21,171.9,30.52,13.31,53.45,776.7,24.78
20:34:00,186.21,171.89,30.52,13.42,53.45,776.7,24.78
20:35:00,186.21,171.9,30.52,13.37,53.45,776.7,24.78
20:36:00,186.26,171.88,30.52,13.31,53.45,776.7,24.78
20:37:00,186.26,171.85,30.53,13.36,53.45,776.7,24.78
20:38:00,186.17,171.93,30.54,13.4,53.45,776.7,24.78
20:39:00,186.25,171.9,30.54,13.4,53.45,776.7,24.78
20:40:00,186.27,171.9,30.54,13.58,53.45,776.7,24.78
20:41:00,186.22,171.85,30.54,13.54,53.45,776.7,24.78
20:42:00,186.21,171.84,30.54,13.36,53.45,776.7,24.78
20:43:00,186.26,171.8,30.54,13.35,53.45,776.7,24.78
20:44:00,186.25,171.85,30.53,13.39,53.45,776.7,24.78
20:45:00,186.24,171.84,30.54,13.44,53.45,776.7,24.78
20:46:00,186.32,171.79,30.53,13.49,53.45,776.7,24.78
20:47:00,186.28,171.8,30.53,13.51,53.45,776.7,24.78
20:48:00,186.3,171.8,30.53,13.47,53.45,776.7,24.78
20:49:00,186.3,171.73,30.54,13.35,53.45,776.7,24.78
20:50:00,186.3,171.72,30.54,13.35,53.45,776.7,24.78
20:51:00,186.21,171.72,30.54,13.36,53.45,776.7,24.78
20:52:00,186.26,171.75,30.54,13.4,53.45,776.7,24.78
20:53:00,186.26,171.75,30.54,13.33,53.45,776.7,24.78
20:54:00,186.29,171.78,30.54,13.3,53.45,776.7,24.78
20:55:00,186.29,171.75,30.53,13.11,53.45,775.25,24.78
20:56:00,186.26,171.84,30.53,13.15,53.45,775.25,24.78
20:57:00,186.27,171.8,30.52,13.23,53.45,775.25,24.78
20:58:00,186.27,171.8,30.52,13.23,53.45,775.25,24.78
20:59:00,186.27,171.78,30.52,13.23,53.45,775.35,24.78
21:00:00,186.24,171.8,30.52,13.2,53.45,775.35,24.78
21:01:00,186.28,171.83,30.52,13.2,53.45,775.35,24.78
21:02:00,186.22,171.83,30.54,13.22,53.45,775.35,24.78
21:03:00,186.24,171.85,30.54,13.28,53.45,775.35,24.78
21:04:00,186.24,171.84,30.54,13.25,53.45,775.35,24.78
21:05:00,186.24,171.82,30.54,13.19,53.45,775.35,24.78
21:06:00,186.24,171.82,30.54,13.14,53.45,775.35,24.78
21:07:00,186.23,171.82,30.54,13.16,53.45,775.35,24.78
21:08:00,186.19,171.82,30.54,13.16,53.45,775.35,24.78
21:09:00,186.19,171.89,30.54,13.19,53.45,775.35,24.78
21:10:00,186.18,171.89,30.54,13.23,53.45,775.35,24.78
21:11:00,186.18,171.93,30.54,13.19,53.45,775.35,24.78
21:12:00,186.18,171.93,30.54,13.21,53.45,775.35,24.78
21:13:00,186.18,171.94,30.54,13.22,53.45,775.35,24.78
21:14:00,186.18,171.94,30.54,13.23,53.45,775.35,24.78
21:15:00,186.18,171.93,30.54,13.22,53.45,775.35,24.78
21:16:00,186.18,171.93,30.54,13.2,53.45,775.35,24.78
21:17:00,186.18,171.95,30.54,13.22,53.45,775.35,24.78
21:18:00,186.18,171.98,30.54,13.2,53.45,775.35,24.78
21:19:00,186.18,171.98,30.56,13.2,53.45,775.35,24.78
21:20:00,186.18,172,30.56,13.2,53.45,775.01,24.78
21:21:00,186.18,172.01,30.56,13.2,53.45,775,24.78
21:22:00,186.18,172,30.56,13.19,53.45,775,24.78
21:23:00,186.18,171.98,30.56,13.2,53.45,775,24.78
21:24:00,186.18,171.96,30.57,13.2,53.45,775,24.78
21:25:00,186.18,171.96,30.57,13.18,53.45,775,24.78
21:26:00,186.18,171.92,30.57,13.17,53.45,775,24.78
21:27:00,186.18,172,30.56,13.17,53.26,775,24.78
21:28:00,186.26,172,30.56,13.18,53.26,775,24.78
21:29:00,186.26,171.99,30.56,13.18,53.26,775,24.78
21:30:00,186.26,172.02,30.56,13.17,53.26,775,24.78
21:31:00,186.26,172.03,30.56,13.16,53.26,775,24.78
21:32:00,186.27,172.06,30.58,13.18,53.26,775,24.78
21:33:00,186.23,172.06,30.58,13.16,53.26,775,24.78
21:34:00,186.25,172.19,30.58,13.16,53.26,775,24.78
21:35:00,186.25,172.14,30.58,13.17,53.26,775,24.78
21:36:00,186.26,172.09,30.58,13.18,53.26,775,24.78
21:37:00,186.26,172.1,30.56,13.19,53.26,775,24.78
21:38:00,186.26,172.12,30.56,13.19,53.26,775,24.78
21:39:00,186.26,172.12,30.56,13.19,53.26,775,24.78
21:40:00,186.25,172.15,30.56,13.19,53.26,775,24.78
21:41:00,186.18,172.14,30.57,13.18,53.26,775,24.78
21:42:00,186.18,172.13,30.56,13.19,53.26,775,24.78
21:43:00,186.19,172.13,30.56,13.19,53.26,775,24.78
21:44:00,186.19,172.13,30.56,13.18,53.26,775,24.78
21:45:00,186.19,172,30.57,13.16,53.26,775,24.78
21:46:00,186.19,171.99,30.56,13.16,53.26,775,24.78
21:47:00,186.17,171.99,30.56,13.18,53.26,775,24.78
21:48:00,186.15,171.99,30.56,13.15,53.26,775,24.78
21:49:00,186.18,171.95,30.56,13.15,53.26,775,24.78
21:50:00,186.24,171.95,30.56,13.12,53.26,775,24.78
21:51:00,186.24,171.98,30.55,13.04,53.26,775,24.78
21:52:00,186.24,171.98,30.55,13.03,53.26,775,24.78
21:53:00,186.27,171.95,30.55,13.05,53.26,775,24.78
21:54:00,186.2,171.98,30.55,13.05,53.26,775,24.78
21:55:00,186.2,171.98,30.55,13.01,53.26,775,24.78
21:56:00,186.2,171.98,30.55,12.94,53.26,775,24.78
21:57:00,186.18,171.96,30.53,12.89,53.26,775,24.78
21:58:00,186.18,171.96,30.55,12.73,53.26,775,24.78
21:59:00,186.18,172,30.55,12.83,53.26,775,24.78
